,seats,kms_driven,manufacturing_year,mileage(kmpl),engine(cc),max_power(bhp),torque(Nm),price(in lakhs)
0,5,56000,2017,7.81,2996,2996,333,63.75
1,5,30615,2020,17.4,999,999,9863,8.99
2,5,24000,2018,20.68,1995,1995,188,23.75
3,5,18378,2019,16.5,1353,1353,13808,13.56
4,5,44900,2019,14.67,1798,1798,17746,24
5,5,42000,2017,18.7,1199,1199,887,5.45
6,5,36739,2018,18.9,1197,1197,8186,5.12
7,5,76000,2018,15.8,1591,1591,1213,9.3
8,5,68000,2015,13.5,2987,2987,25479,42
9,5,28783,2019,17,1198,1198,1085,8.02
10,5,40000,2020,17.4,1497,1497,1176,10.95
11,5,17382,2021,16.42,1498,1498,10455,8.99
12,5,120000,2014,18.88,1995,1995,184,7.45
13,5,17000,2021,18.15,998,998,11835,10.95
14,5,26867,2019,18.9,1197,1197,8186,5.78
15,5,30000,2022,21,1197,1197,8180,8.95
16,5,150000,2014,18.88,1995,1995,184,8.5
17,5,53000,2018,22.69,1995,1995,190,23.5
18,5,40000,2019,17,1497,1497,12136,7.95
19,5,48000,2020,14.1,1368,1368,16077,18.95
20,6,35000,2021,12.4,1996,1996,21501,35
21,5,100525,2010,16.1,1197,1197,85,2.09
22,5,83000,2015,18,1497,1497,1173,6.25
23,5,40191,2011,998,671,671,90,2.12
24,5,62152,2015,18.53,1968,1968,18774,20
25,5,49000,2017,15.29,1591,1591,1213,8.35
26,5,56215,2017,21.4,1197,1197,831,5.03
27,5,53000,2018,17.1,1496,1496,10594,6.95
28,7,100000,2015,12.55,2982,2982,1685,16
29,5,36346,2020,16.8,1353,1353,13808,15.22
30,5,48000,2018,13.5,1999,1999,177,26.95
31,5,42098,2019,18.6,1197,1197,8186,6.7
32,5,40000,2018,17.1,1956,1956,170,10.75
33,5,64000,2019,20.68,1995,1995,188,25.5
34,5,13158,2022,22.56,1197,1197,8850,8.38
35,5,65400,2018,17.6,1582,1582,1262,10.9
36,5,100000,2017,17.8,1198,1198,867,3.95
37,5,30000,2022,26.49,1199,1199,72,7.25
38,5,62000,2017,1498,986,986,200,4.75
39,4,40000,2010,10.98,1984,1984,1144,11.95
40,6,35000,2021,12.4,1996,1996,21501,35
41,5,100525,2010,16.1,1197,1197,85,2.09
42,5,83000,2015,18,1497,1497,1173,6.25
43,5,40191,2011,998,671,671,90,2.12
44,5,62152,2015,18.53,1968,1968,18774,20
45,5,49000,2017,15.29,1591,1591,1213,8.35
46,5,56215,2017,21.4,1197,1197,831,5.03
47,5,53000,2018,17.1,1496,1496,10594,6.95
48,7,100000,2015,12.55,2982,2982,1685,16
49,5,36346,2020,16.8,1353,1353,13808,15.22
50,5,48000,2018,13.5,1999,1999,177,26.95
51,5,42098,2019,18.6,1197,1197,8186,6.7
52,5,40000,2018,17.1,1956,1956,170,10.75
53,5,64000,2019,20.68,1995,1995,188,25.5
54,5,13158,2022,22.56,1197,1197,8850,8.38
55,5,65400,2018,17.6,1582,1582,1262,10.9
56,5,100000,2017,17.8,1198,1198,867,3.95
57,5,30000,2022,26.49,1199,1199,72,7.25
58,5,62000,2017,1498,986,986,200,4.75
59,4,40000,2010,10.98,1984,1984,1144,11.95
60,5,10280,2023,18.4,1498,1498,11935,16
61,5,17282,2015,21.4,1197,1197,831,5.45
62,5,30500,2019,14.4,1997,1997,15189,22.95
63,5,60755,2020,20.8,1493,1493,11343,13.51
64,5,25000,2021,11.9,1950,1950,20115,40.75
65,7,47000,2018,15.4,2179,2179,13678,14.5
66,5,59316,2020,16.2,1353,1353,138,13.99
67,5,48000,2021,17.1,1496,1496,1055,6.95
68,5,20000,2023,14.82,1998,1998,24808,65
69,5,12503,2020,22,999,999,67,5.15
70,5,10000,2021,14.3,1368,1368,16077,15.95
71,5,73717,2011,16.1,1197,1197,85,2.41
72,7,90000,2016,11.3,2987,2987,2548,32.5
73,5,17000,2017,17.1,1199,1199,8850,5.95
74,5,36047,2014,18.9,1197,1197,82,4.32
75,5,45000,2018,998,5833,5833,78,4.45
76,5,100000,2009,19.3,1248,1248,739,2
77,5,50000,2016,20.36,1197,1197,789,3.45
78,5,51000,2018,22,1197,1197,8180,5.5
79,7,62000,2018,2179,15287,15287,360,8.5
80,5,10280,2023,18.4,1498,1498,11935,16
81,5,17282,2015,21.4,1197,1197,831,5.45
82,5,30500,2019,14.4,1997,1997,15189,22.95
83,5,60755,2020,20.8,1493,1493,11343,13.51
84,5,25000,2021,11.9,1950,1950,20115,40.75
85,7,47000,2018,15.4,2179,2179,13678,14.5
86,5,59316,2020,16.2,1353,1353,138,13.99
87,5,48000,2021,17.1,1496,1496,1055,6.95
88,5,20000,2023,14.82,1998,1998,24808,65
89,5,12503,2020,22,999,999,67,5.15
90,5,10000,2021,14.3,1368,1368,16077,15.95
91,5,73717,2011,16.1,1197,1197,85,2.41
92,7,90000,2016,11.3,2987,2987,2548,32.5
93,5,17000,2017,17.1,1199,1199,8850,5.95
94,5,36047,2014,18.9,1197,1197,82,4.32
95,5,45000,2018,998,5833,5833,78,4.45
96,5,100000,2009,19.3,1248,1248,739,2
97,5,50000,2016,20.36,1197,1197,789,3.45
98,5,51000,2018,22,1197,1197,8180,5.5
99,7,62000,2018,2179,15287,15287,360,8.5
100,5,45000,2017,19.16,2494,2494,1577,22.5
101,5,17041,2021,20.28,998,998,11841,10.49
102,7,49000,2018,16,1997,1997,140,9.25
103,5,23588,2020,18.27,998,998,11835,9.2
104,5,50000,2018,17.9,2143,2143,1341,22
105,7,76000,2017,11.36,2755,2755,1715,14.75
106,5,49341,2019,21.01,1197,1197,8180,5.76
107,5,56000,2013,18,1198,1198,867,3.25
108,6,12000,2023,12.34,1451,1451,141,21
109,5,51734,2014,17.8,1497,1497,1173,5.72
110,5,22000,2018,22,1197,1197,8180,5.75
111,5,45084,2018,20.5,1582,1582,1262,9.22
112,7,20000,2015,15.4,2179,2179,120,11
113,5,29000,2016,17.8,1198,1198,867,4.8
114,5,16763,2021,18.27,998,998,11835,9.69
115,5,6000,2022,19.33,1199,1199,8683,6.95
117,7,86000,2015,15.1,2179,2179,140,5.45
118,5,24000,2018,17.1,1199,1199,8850,6.55
119,5,9000,2021,20.36,1197,1197,8180,7.75
120,5,45000,2017,19.16,2494,2494,1577,22.5
121,5,17041,2021,20.28,998,998,11841,10.49
122,7,49000,2018,16,1997,1997,140,9.25
123,5,23588,2020,18.27,998,998,11835,9.2
124,5,50000,2018,17.9,2143,2143,1341,22
125,7,76000,2017,11.36,2755,2755,1715,14.75
126,5,49341,2019,21.01,1197,1197,8180,5.76
127,5,56000,2013,18,1198,1198,867,3.25
128,6,12000,2023,12.34,1451,1451,141,21
129,5,51734,2014,17.8,1497,1497,1173,5.72
130,5,22000,2018,22,1197,1197,8180,5.75
131,5,45084,2018,20.5,1582,1582,1262,9.22
132,7,20000,2015,15.4,2179,2179,120,11
133,5,29000,2016,17.8,1198,1198,867,4.8
134,5,16763,2021,18.27,998,998,11835,9.69
135,5,6000,2022,19.33,1199,1199,8683,6.95
137,7,86000,2015,15.1,2179,2179,140,5.45
138,5,24000,2018,17.1,1199,1199,8850,6.55
139,5,9000,2021,20.36,1197,1197,8180,7.75
140,7,14900,2022,16.5,1353,1353,13805,16.5
141,5,17172,2022,20.25,998,998,11841,10.33
142,5,33000,2020,1950,24138,24138,500,78
143,5,38000,2016,25.17,799,799,533,1.85
144,5,11501,2022,19.33,1199,1199,8683,8.24
145,5,43703,2022,1950,24138,24138,500,82.9
146,7,29800,2021,2755,20115,20115,500,44
147,5,22051,2020,21.01,1197,1197,8180,6.98
148,5,32965,2021,1197,8180,8180,113,5.75
149,5,96593,2014,1086,6805,6805,9904,2.73
150,5,50000,2017,17.01,1591,1591,1213,6.75
151,5,15000,2022,14.82,1998,1998,18908,42
152,5,27138,2020,19.01,1199,1199,8482,5.92
153,5,15000,2022,21.4,1197,1197,831,7.25
154,4,10000,2018,19.4,2143,2143,204,38
155,7,9000,2023,1997,200,200,380,23.45
156,5,10000,2021,18.2,998,998,11836,10.2
157,5,70000,2020,18,1493,1493,11343,14.95
158,5,30000,2020,12.6,1950,1950,194,37.5
159,5,16684,2021,20.25,998,998,11841,11.11
160,5,30000,2019,2996,38487,38487,520,67
161,5,92543,2012,1197,8180,8180,113,2.74
162,7,25000,2021,1999,19713,19713,380,24.75
163,5,59870,2016,21.7,1498,1498,9896,4.95
164,5,62700,2016,18.6,1197,1197,8183,5.22
165,5,42132,2019,17.8,1493,1493,1134,14.75
166,5,32000,2018,15.04,1991,1991,183,25.75
167,5,58873,2010,19,998,998,661,1.82
168,5,10000,2018,14.99,1498,1498,1045,7.95
169,5,14069,2022,19.33,1199,1199,8683,8.24
171,5,80000,2014,19.01,1461,1461,10845,2.85
172,5,57453,2016,17.8,1497,1497,1173,6.24
173,5,66717,2011,1196,70,70,102,70000
174,7,40000,2016,11,2987,2987,258,43.33
175,5,16433,2022,1969,18740,18740,300,43.75
176,5,17860,2018,15.71,1998,1998,189,29.9
177,7,52000,2020,11.36,2755,2755,1715,22.5
178,5,30000,2020,12.6,1950,1950,194,37.5
179,5,16684,2021,20.25,998,998,11841,11.11
180,5,30000,2019,2996,38487,38487,520,67
181,5,92543,2012,1197,8180,8180,113,2.74
182,7,25000,2021,1999,19713,19713,380,24.75
183,5,59870,2016,21.7,1498,1498,9896,4.95
184,5,62700,2016,18.6,1197,1197,8183,5.22
185,5,42132,2019,17.8,1493,1493,1134,14.75
186,5,32000,2018,15.04,1991,1991,183,25.75
187,5,58873,2010,19,998,998,661,1.82
188,5,10000,2018,14.99,1498,1498,1045,7.95
189,5,14069,2022,19.33,1199,1199,8683,8.24
191,5,80000,2014,19.01,1461,1461,10845,2.85
192,5,57453,2016,17.8,1497,1497,1173,6.24
193,5,66717,2011,1196,70,70,102,70000
194,7,40000,2016,11,2987,2987,258,43.33
195,5,16433,2022,1969,18740,18740,300,43.75
196,5,17860,2018,15.71,1998,1998,189,29.9
197,7,52000,2020,11.36,2755,2755,1715,22.5
198,5,27200,2019,13.5,2925,2925,28161,77
199,5,25260,2014,18.9,1197,1197,82,4.37
200,5,21421,2019,20.37,1995,1995,18774,45.9
201,5,70215,2015,20.36,1197,1197,789,3.08
202,6,32900,2022,23.8,1493,1493,11398,20
203,5,40045,2021,11.9,1950,1950,20115,43.9
204,5,75000,2010,19,998,998,661,1.68
205,5,32325,2019,11.9,1950,1950,20115,44.9
206,6,68000,2021,12.4,1996,1996,21501,33
207,5,78501,2015,20.7,1197,1197,8186,3.94
208,7,46853,2018,12.83,1997,1997,23736,45.9
209,5,27114,2021,21.01,1197,1197,8180,7.18
211,5,88000,2017,13,1591,1591,1213,8.65
212,5,58382,2013,19.1,1197,1197,858,3.54
214,5,80000,2015,15,1598,1598,1036,3.3
215,5,32628,2020,11.9,1950,1950,20115,41.9
216,6,35000,2021,12.4,1996,1996,21501,36
217,5,67264,2014,1197,82,82,114,3.27
218,6,17000,2019,16,1950,1950,16092,65
219,5,77584,2013,26.6,998,998,5816,2.8
220,4,50000,2016,7.81,4663,4663,459,98.5
221,7,70000,2017,15.4,2179,2179,120,9
222,5,71977,2013,1197,8180,8180,113,2.94
223,5,52690,2017,20.89,1197,1197,8180,4.2
224,5,11900,2022,14,1497,1497,11318,18.25
225,5,53747,2017,18.6,1197,1197,8183,5.77
226,5,32321,2019,16.55,1995,1995,1877,49.9
227,5,55485,2015,19.4,1198,1198,868,3.35
229,5,54000,2018,15.8,1997,1997,247,59.75
230,5,49404,2017,21.4,1197,1197,831,5.44
232,7,100000,2018,10.91,3198,3198,197,22.5
236,6,35000,2021,12.4,1996,1996,21501,36
237,5,67264,2014,1197,82,82,114,3.27
238,6,17000,2019,16,1950,1950,16092,65
239,5,77584,2013,26.6,998,998,5816,2.8
240,4,50000,2016,7.81,4663,4663,459,98.5
241,7,70000,2017,15.4,2179,2179,120,9
242,5,71977,2013,1197,8180,8180,113,2.94
243,5,52690,2017,20.89,1197,1197,8180,4.2
244,5,11900,2022,14,1497,1497,11318,18.25
245,5,53747,2017,18.6,1197,1197,8183,5.77
246,5,32321,2019,16.55,1995,1995,1877,49.9
247,5,55485,2015,19.4,1198,1198,868,3.35
249,5,54000,2018,15.8,1997,1997,247,59.75
250,5,49404,2017,21.4,1197,1197,831,5.44
252,7,100000,2018,10.91,3198,3198,197,22.5
256,7,8000,2022,1997,200,200,380,24
257,5,33841,2014,998,671,671,90,3.17
259,5,9246,2023,19.4,999,999,11398,15.62
260,7,42000,2018,10.75,2694,2694,1637,17.9
262,5,42462,2018,27.28,1047,1047,69,4.3
264,7,30000,2021,12.05,2157,2157,17849,24.75
265,5,96660,2012,18.5,1197,1197,8285,2.47
267,5,38963,2014,18.9,1197,1197,82,4.13
268,5,70000,2011,18.5,1197,1197,805200,1.6
270,5,63249,2017,18.9,1197,1197,8186,4.59
273,7,82000,2016,19.01,1462,1462,10326,7.49
274,5,38000,2019,20.73,1373,1373,911,6.75
275,7,40500,2020,14.11,2199,2199,19726,25.25
276,5,40000,2020,1493,9863,9863,240,11.55
277,5,65170,2015,20.36,1197,1197,789,3.02
278,5,50000,2018,17.5,1199,1199,887,7.25
279,5,34838,2020,999,6706,6706,91,3.88
280,5,30466,2021,20.28,998,998,11841,10.5
281,5,32000,2020,16.1,1950,1950,1917,44.5
282,5,50000,2018,18,1969,1969,190,33
283,5,48946,2014,19.1,1197,1197,858,4.11
284,5,43498,2017,18.56,1995,1995,190,29.9
285,4,8744,2022,15.2,1997,1997,150,16.01
286,5,30000,2020,1493,986,986,24026,7.8
287,7,72000,2017,12.81,1997,1997,23736,32.5
288,5,71361,2017,18.6,1197,1197,8183,5.52
289,5,60500,2017,20.68,1995,1995,188,19.95
290,5,30000,2021,14.11,1984,1984,2413,49.5
291,5,64000,2018,21.7,1498,1498,9896,7.99
292,5,26000,2013,11.9,1595,1595,1207,12.45
293,5,60000,2016,14.7,1496,1496,12069,6.49
294,5,40000,2020,1493,9863,9863,240,11.55
295,5,65170,2015,20.36,1197,1197,789,3.02
296,5,50000,2018,17.5,1199,1199,887,7.25
297,5,34838,2020,999,6706,6706,91,3.88
298,7,72000,2018,12.81,1997,1997,23736,49.5
299,5,30466,2021,20.28,998,998,11841,10.5
300,5,32000,2020,16.1,1950,1950,1917,44.5
301,5,50000,2018,18,1969,1969,190,33
302,5,48946,2014,19.1,1197,1197,858,4.11
303,5,43498,2017,18.56,1995,1995,190,29.9
304,4,8744,2022,15.2,1997,1997,150,16.01
305,5,30000,2020,1493,986,986,24026,7.8
306,7,72000,2017,12.81,1997,1997,23736,32.5
307,5,71361,2017,18.6,1197,1197,8183,5.52
308,5,60500,2017,20.68,1995,1995,188,19.95
309,5,30000,2021,14.11,1984,1984,2413,49.5
310,5,64000,2018,21.7,1498,1498,9896,7.99
311,5,26000,2013,11.9,1595,1595,1207,12.45
312,5,60000,2016,14.7,1496,1496,12069,6.49
313,5,28000,2021,1984,18774,18774,320,26.5
314,5,89002,2011,17.5,1197,1197,858,2.37
315,5,36937,2018,21.4,1197,1197,831,6.4
316,7,42000,2019,13.68,2393,2393,14751,18.75
317,5,55000,2019,20.37,1995,1995,18774,41.5
318,5,70391,2019,21.01,1197,1197,8180,5.12
319,5,56000,2014,16.3,1797,1797,1475,4.95
320,5,52190,2016,18.9,1197,1197,82,4.31
321,5,40000,2014,11.78,2143,2143,16762,9.99
322,5,72000,2018,20.38,1968,1968,143,20
323,5,48173,2013,998,671,671,90,2.88
324,5,110000,2012,12.05,1995,1995,154,7.3
325,5,50000,2012,16.8,1497,1497,1163,3.39
326,5,44132,2019,17.9,2143,2143,1341,26.9
327,5,90000,2015,17.4,1497,1497,1173,4.75
328,7,49000,2020,12.4,1996,1996,16762,33.5
329,5,28000,2021,1984,18774,18774,320,26.5
330,5,89002,2011,17.5,1197,1197,858,2.37
331,5,28194,2019,18.27,998,998,11835,9.03
332,5,34500,2019,15.01,1998,1998,24808,52
333,5,50605,2019,16.1,1950,1950,1917,39.9
334,5,36937,2018,21.4,1197,1197,831,6.4
335,7,42000,2019,13.68,2393,2393,14751,18.75
336,5,55000,2019,20.37,1995,1995,18774,41.5
337,5,70391,2019,21.01,1197,1197,8180,5.12
338,5,56000,2014,16.3,1797,1797,1475,4.95
339,5,52190,2016,18.9,1197,1197,82,4.31
340,5,40000,2014,11.78,2143,2143,16762,9.99
341,5,72000,2018,20.38,1968,1968,143,20
342,5,48173,2013,998,671,671,90,2.88
343,5,110000,2012,12.05,1995,1995,154,7.3
344,5,50000,2012,16.8,1497,1497,1163,3.39
345,5,44132,2019,17.9,2143,2143,1341,26.9
346,5,90000,2015,17.4,1497,1497,1173,4.75
347,7,49000,2020,12.4,1996,1996,16762,33.5
348,7,70000,2017,12.07,2967,2967,2414,40
349,5,49341,2015,15.29,1591,1591,1213,8.42
350,7,55000,2018,13.8,2999,2999,175,18.95
351,5,55861,2019,22.1,1396,1396,887,10.27
352,7,76000,2018,9.17,2995,2995,33525,49.5
353,7,68000,2018,13.68,2393,2393,14751,14.25
354,5,52565,2014,17.8,1198,1198,867,4.17
355,5,72000,2018,18,1969,1969,190,29.55
356,7,70000,2017,14.75,2967,2967,245,40
357,5,73074,2019,18.9,1197,1197,8186,4.93
358,5,45000,2019,16.35,1956,1956,16767,13.75
359,5,90995,2014,1197,82,82,114,3.35
360,5,30000,2017,23.01,999,999,67,3.35
362,5,42346,2014,20.51,998,998,6704,3.01
363,5,31120,2020,18,1497,1497,1176,11.5
364,5,100000,2014,22.32,1582,1582,12632,3.95
365,5,33500,2018,17.8,1496,1496,1055,7.5
366,5,64000,2015,1197,82,82,114,4.25
368,7,70000,2017,12.07,2967,2967,2414,40
369,5,49341,2015,15.29,1591,1591,1213,8.42
370,7,55000,2018,13.8,2999,2999,175,18.95
371,5,55861,2019,22.1,1396,1396,887,10.27
372,7,76000,2018,9.17,2995,2995,33525,49.5
373,7,68000,2018,13.68,2393,2393,14751,14.25
374,5,52565,2014,17.8,1198,1198,867,4.17
375,5,72000,2018,18,1969,1969,190,29.55
376,7,70000,2017,14.75,2967,2967,245,40
377,5,73074,2019,18.9,1197,1197,8186,4.93
378,5,45000,2019,16.35,1956,1956,16767,13.75
379,5,90995,2014,1197,82,82,114,3.35
380,5,30000,2017,23.01,999,999,67,3.35
382,5,42346,2014,20.51,998,998,6704,3.01
383,5,31120,2020,18,1497,1497,1176,11.5
384,5,100000,2014,22.32,1582,1582,12632,3.95
385,5,33500,2018,17.8,1496,1496,1055,7.5
386,5,64000,2015,1197,82,82,114,4.25
388,4,4000,2022,11.86,2998,2998,33525,1.25
389,5,48936,2011,19,998,998,661,2.34
390,7,23000,2019,10.2,2360,2360,16494,19.5
391,5,61814,2017,21.4,1197,1197,831,5.27
392,5,62000,2019,13.38,2993,2993,26150,47.98
393,5,40000,2017,17.21,1197,1197,1035,10
394,5,30200,2020,18.27,998,998,11835,9.25
395,5,34123,2020,14.67,1798,1798,17746,30.5
396,5,16000,2022,2996,38487,38487,520,83
397,5,28645,2018,24.3,1248,1248,885,7.71
398,5,48933,2015,17.11,1968,1968,17433,15.75
399,5,60970,2016,13,1591,1591,1213,9.4
400,5,50000,2017,13,1591,1591,1213,7.75
401,7,56000,2018,14.24,2755,2755,1745,27.5
402,5,40427,2018,18.9,1197,1197,8186,5.36
403,5,54213,2019,20.73,1373,1373,911,7.9
405,5,85000,2011,14.53,1798,1798,1381,2.75
406,8,91000,2016,13.68,2393,2393,14751,12
407,5,47000,2016,18.9,1197,1197,82,3.85
408,5,54630,2015,18,1497,1497,1173,6.86
409,7,72222,2015,14.75,2967,2967,245,34.9
410,5,41116,2019,18,1497,1497,1176,10.39
411,5,4000,2019,12.65,1997,1997,29636,1.1
412,5,20000,2017,9.43,1999,1999,2374,69
413,5,29502,2021,19.33,1199,1199,8683,7.56
414,5,132501,2014,15.97,2993,2993,258,12.21
415,5,35000,2017,13,2143,2143,204,23.9
416,5,56458,2017,25.5,1498,1498,986,5.71
417,5,50000,2018,19.12,1373,1373,911,7.25
418,5,61657,2018,21.4,1197,1197,831,5.93
419,5,50000,2016,18,1497,1497,1173,6.5
420,5,67000,2017,20.73,1373,1373,911,6.25
421,5,104948,2016,18.6,1197,1197,8183,4.61
422,5,20000,2017,9.43,1999,1999,2374,52
423,5,10000,2023,17,1497,1497,11342,15.21
424,5,154000,2014,11.74,2987,2987,2548,17.5
425,5,46000,2016,19.16,2494,2494,1577,20.5
426,5,90000,2015,1497,1173,1173,145,5.65
427,5,47000,2016,18.9,1197,1197,82,3.85
428,5,54630,2015,18,1497,1497,1173,6.86
429,7,72222,2015,14.75,2967,2967,245,34.9
430,5,41116,2019,18,1497,1497,1176,10.39
431,5,4000,2019,12.65,1997,1997,29636,1.1
432,5,20000,2017,9.43,1999,1999,2374,69
433,5,29502,2021,19.33,1199,1199,8683,7.56
434,5,132501,2014,15.97,2993,2993,258,12.21
435,5,35000,2017,13,2143,2143,204,23.9
436,5,56458,2017,25.5,1498,1498,986,5.71
437,5,50000,2018,19.12,1373,1373,911,7.25
438,5,61657,2018,21.4,1197,1197,831,5.93
439,5,50000,2016,18,1497,1497,1173,6.5
440,5,67000,2017,20.73,1373,1373,911,6.25
441,5,104948,2016,18.6,1197,1197,8183,4.61
442,5,20000,2017,9.43,1999,1999,2374,52
443,5,10000,2023,17,1497,1497,11342,15.21
444,5,154000,2014,11.74,2987,2987,2548,17.5
445,5,46000,2016,19.16,2494,2494,1577,20.5
446,5,90000,2015,1497,1173,1173,145,5.65
447,5,39000,2020,20.38,1968,1968,143,22.5
448,5,64727,2017,13,1591,1591,1213,9.87
449,5,65000,2018,21.19,1396,1396,8873,6.5
450,5,44636,2013,19.4,1198,1198,868,2.63
451,7,100000,2015,12.55,2982,2982,1685,15.5
452,5,23616,2021,12.6,1950,1950,194,43.9
453,5,107682,2014,19.1,1197,1197,82,3.39
454,5,9500,2022,1991,30173,30173,400,56.5
455,7,47500,2019,12.81,1997,1997,23736,43
456,5,101914,2011,16.47,1198,1198,739,2.59
457,5,620,2023,1197,8180,8180,1138,6.65
458,5,45507,2019,21.01,1197,1197,8180,6.49
459,4,58000,2015,16.77,2967,2967,24674,29.75
460,5,7000,2022,2925,28161,28161,600,1.55
461,5,74095,2015,16.5,1499,1499,110,5.37
463,4,40000,2018,7.81,4663,4663,459,1.09
464,5,77684,2010,796,463,463,62,1.54
465,5,22900,2021,13.47,1984,1984,24559,54.8
468,5,74846,2014,18.9,1197,1197,82,3.1
469,5,4500,2022,22.35,1197,1197,8850,7.55
470,5,97722,2012,18.5,1197,1197,805200,2.27
471,5,9000,2023,12.1,1998,1998,26530,70
472,5,19000,2020,8.9,2999,2999,435,78.99
473,5,79683,2015,18,1497,1497,1173,6.35
474,5,26000,2022,22.61,1197,1197,8850,7.95
475,5,70000,2016,20.68,1995,1995,188,15.5
476,5,85540,2019,16.5,1353,1353,13808,13.86
477,5,10000,2023,1197,12873,12873,230,11.7
478,5,50170,2019,21.01,1197,1197,8180,6.87
479,7,44000,2020,13.38,2993,2993,26150,98.5
480,5,4000,2022,12.6,1950,1950,194,56.75
481,5,37163,2015,998,671,671,90,3.18
482,5,21003,2022,1451,141,141,250,18.75
483,5,49000,2018,16.55,1995,1995,1877,39
484,5,89057,2011,16.98,998,998,661,2.26
485,5,12000,2021,11.9,1950,1950,20115,44.5
486,5,11000,2022,18.76,1462,1462,10326,9.99
488,5,74846,2014,18.9,1197,1197,82,3.1
489,5,4500,2022,22.35,1197,1197,8850,7.55
490,5,97722,2012,18.5,1197,1197,805200,2.27
491,5,9000,2023,12.1,1998,1998,26530,70
492,5,19000,2020,8.9,2999,2999,435,78.99
493,5,79683,2015,18,1497,1497,1173,6.35
494,5,26000,2022,22.61,1197,1197,8850,7.95
495,5,70000,2016,20.68,1995,1995,188,15.5
496,5,85540,2019,16.5,1353,1353,13808,13.86
497,5,10000,2023,1197,12873,12873,230,11.7
498,5,50170,2019,21.01,1197,1197,8180,6.87
499,7,44000,2020,13.38,2993,2993,26150,98.5
500,5,4000,2022,12.6,1950,1950,194,56.75
501,5,37163,2015,998,671,671,90,3.18
502,5,21003,2022,1451,141,141,250,18.75
503,5,49000,2018,16.55,1995,1995,1877,39
504,5,89057,2011,16.98,998,998,661,2.26
505,5,12000,2021,11.9,1950,1950,20115,44.5
506,5,11000,2022,18.76,1462,1462,10326,9.99
507,5,72692,2016,17.8,1497,1497,1173,6.85
508,5,47463,2016,15.63,1499,1499,1104,6.33
509,5,7651,2022,12.74,1991,1991,197,61
510,5,69348,2014,17.8,1497,1497,1173,6.19
511,5,40000,2016,14.47,2993,2993,30173,32.5
512,5,18000,2020,15.8,1997,1997,247,80
514,5,40000,2013,11.88,1086,1086,621,2.1
515,7,84000,2016,11,2987,2987,258,46.21
516,5,62411,2013,998,671,671,90,2.9
517,5,22711,2022,19.89,1462,1462,10165,11.35
518,5,90576,2014,18.9,1197,1197,82,3.37
519,5,44000,2018,17,2987,2987,2548,44
520,5,49000,2017,1197,8180,8180,113,4.25
521,5,40678,2019,18.27,998,998,11835,9.24
522,5,32000,2012,998,6704,6704,90,2.2
523,7,27500,2020,19.01,1462,1462,10326,10.5
524,5,92539,2018,18.6,1197,1197,8183,5.28
525,5,21000,2021,15.3,1998,1998,25479,48
526,5,6000,2020,21.4,1197,1197,831,6.95
527,5,72692,2016,17.8,1497,1497,1173,6.85
528,5,47463,2016,15.63,1499,1499,1104,6.33
529,5,7651,2022,12.74,1991,1991,197,61
530,5,69348,2014,17.8,1497,1497,1173,6.19
531,5,40000,2016,14.47,2993,2993,30173,32.5
532,5,18000,2020,15.8,1997,1997,247,80
534,5,40000,2013,11.88,1086,1086,621,2.1
535,7,84000,2016,11,2987,2987,258,46.21
536,5,62411,2013,998,671,671,90,2.9
537,5,22711,2022,19.89,1462,1462,10165,11.35
538,5,90576,2014,18.9,1197,1197,82,3.37
539,5,44000,2018,17,2987,2987,2548,44
540,5,49000,2017,1197,8180,8180,113,4.25
541,5,40678,2019,18.27,998,998,11835,9.24
542,5,32000,2012,998,6704,6704,90,2.2
543,7,27500,2020,19.01,1462,1462,10326,10.5
544,5,92539,2018,18.6,1197,1197,8183,5.28
545,5,21000,2021,15.3,1998,1998,25479,48
546,5,6000,2020,21.4,1197,1197,831,6.95
547,7,5000,2022,1999,19713,19713,380,26.5
548,5,16570,2019,23.84,1199,1199,8383,5.23
549,5,11000,2022,21.79,998,998,6705,5.75
550,5,39791,2017,17.5,1199,1199,887,6.92
551,7,138000,2017,16,2179,2179,140,6.95
552,5,3000,2023,8.13,3982,3982,57663,4
553,5,94176,2012,1197,8850,8850,113,2.67
554,5,11000,2023,12.5,3604,3604,420,1.47
555,5,30000,2019,16.1,1353,1353,138,13.25
556,5,49594,2021,18.47,1498,1498,14751,13.37
557,5,60000,2012,16.47,1198,1198,739,2.7
558,5,76441,2015,19.4,1198,1198,868,3.26
559,5,75000,2014,11.74,2987,2987,2548,17.75
560,5,53000,2017,21.79,998,998,6705,3.95
561,5,56572,2017,15.29,1591,1591,1213,9.31
562,5,27210,2018,21.01,1197,1197,8180,6
563,5,56000,2017,9.7,2996,2996,32855,45.75
564,5,62677,2014,18.6,1197,1197,8183,4.92
565,5,18000,2023,22.35,1197,1197,8850,7.5
566,5,35000,2019,20.37,1995,1995,18774,45
567,7,5000,2022,1999,19713,19713,380,26.5
568,5,16570,2019,23.84,1199,1199,8383,5.23
569,5,11000,2022,21.79,998,998,6705,5.75
570,5,39791,2017,17.5,1199,1199,887,6.92
571,7,138000,2017,16,2179,2179,140,6.95
572,5,3000,2023,8.13,3982,3982,57663,4
573,5,94176,2012,1197,8850,8850,113,2.67
574,5,11000,2023,12.5,3604,3604,420,1.47
575,5,30000,2019,16.1,1353,1353,138,13.25
576,5,49594,2021,18.47,1498,1498,14751,13.37
577,5,60000,2012,16.47,1198,1198,739,2.7
578,5,76441,2015,19.4,1198,1198,868,3.26
579,5,75000,2014,11.74,2987,2987,2548,17.75
580,5,53000,2017,21.79,998,998,6705,3.95
581,5,56572,2017,15.29,1591,1591,1213,9.31
582,5,27210,2018,21.01,1197,1197,8180,6
583,5,56000,2017,9.7,2996,2996,32855,45.75
584,5,62677,2014,18.6,1197,1197,8183,4.92
585,5,18000,2023,22.35,1197,1197,8850,7.5
586,5,35000,2019,20.37,1995,1995,18774,45
587,5,38000,2019,13.38,2993,2993,26150,46.21
588,5,109495,2018,20.37,1461,1461,10849,6.53
590,5,43600,2015,17.11,1968,1968,17433,11.9
591,5,30000,2020,12.6,1950,1950,194,37.5
592,5,45240,2018,25.1,1248,1248,885,7.34
593,5,3600,2018,22.5,999,999,67,3.45
594,5,36000,2021,8.13,2925,2925,28161,2.05
595,5,59090,2020,21.01,1197,1197,8180,6.42
596,5,126000,2012,15.73,1968,1968,17433,6.5
597,5,70717,2014,18.9,1197,1197,82,3.86
598,5,65000,2014,7.81,5461,5461,3629,47.5
599,5,73086,2013,17.4,1497,1497,1173,3.75
600,5,51690,2020,17.33,1199,1199,11835,8.52
601,5,49000,2018,20.68,1995,1995,188,19.45
602,5,25000,2019,15,1991,1991,1944,49.75
603,5,23592,2019,20.3,1086,1086,68,4.71
604,5,69000,2014,17.4,1497,1497,1173,4.9
605,5,70000,2016,14.8,1591,1591,1213,7.95
606,5,3500,2023,2999,36207,36207,500,1.78
607,5,64155,2015,19.4,1198,1198,868,3.18
608,5,38000,2018,20,2143,2143,1073,17.49
609,5,68018,2017,20.14,1197,1197,8186,4.12
610,5,14000,2022,19.39,1462,1462,10164,19.9
611,5,29846,2018,17.5,1199,1199,887,7.6
612,5,26092,2017,23.84,1199,1199,8383,4.5
613,5,50823,2019,1197,8180,8180,113,5.5
614,5,5200,2020,10.31,2998,2998,33525,69.75
615,7,36050,2018,17.3,1497,1497,121,8.99
616,5,90932,2017,18,1497,1497,1176,7.86
617,5,53000,2021,14.6,1956,1956,16767,20
618,5,11848,2020,12.6,1950,1950,194,39.9
619,7,73580,2014,17.3,1497,1497,1173,4.66
620,5,22600,2019,16,1368,1368,160,14.9
621,5,36000,2019,18.25,1968,1968,18774,27.5
622,5,44275,2021,1497,8877,8877,200,6.2
623,5,52000,2020,18.6,1197,1197,8186,6.25
625,7,26000,2021,14.08,1956,1956,16767,20
626,5,45239,2018,20.73,1373,1373,911,6.33
627,5,51000,2017,13.7,1991,1991,183,21
628,5,102973,2019,24.3,1248,1248,885,7.99
629,5,87000,2016,18.53,1968,1968,18774,19
630,5,40000,2014,19.1,1197,1197,858,3.7
631,5,63952,2014,18.9,1197,1197,82,3.55
632,7,58000,2018,15.1,2179,2179,15287,12
633,5,7000,2023,9.8,2995,2995,340,1.12
634,5,46310,2019,17,1198,1198,1085,8.74
635,6,42000,2020,11.67,1451,1451,141,16
636,5,94498,2015,17.8,1497,1497,1173,5.81
637,5,9300,2022,11.2,1969,1969,250,66
638,5,37000,2019,13.38,2993,2993,26150,71.99
639,5,144234,2019,25.5,1498,1498,986,5.52
640,5,48000,2017,20.85,1197,1197,8314,5.1
641,5,19000,2021,15.8,1997,1997,24674,80
642,5,114658,2016,18.6,1197,1197,8183,5.21
643,5,71000,2015,17.11,1968,1968,17433,12.65
644,5,8000,2022,1197,8850,8850,113,5.95
645,7,26000,2021,14.08,1956,1956,16767,20
646,5,45239,2018,20.73,1373,1373,911,6.33
647,5,51000,2017,13.7,1991,1991,183,21
648,5,102973,2019,24.3,1248,1248,885,7.99
649,5,87000,2016,18.53,1968,1968,18774,19
650,5,40000,2014,19.1,1197,1197,858,3.7
651,5,63952,2014,18.9,1197,1197,82,3.55
652,7,58000,2018,15.1,2179,2179,15287,12
653,5,7000,2023,9.8,2995,2995,340,1.12
654,5,46310,2019,17,1198,1198,1085,8.74
655,6,42000,2020,11.67,1451,1451,141,16
656,5,94498,2015,17.8,1497,1497,1173,5.81
657,5,9300,2022,11.2,1969,1969,250,66
658,5,37000,2019,13.38,2993,2993,26150,71.99
659,5,144234,2019,25.5,1498,1498,986,5.52
660,5,48000,2017,20.85,1197,1197,8314,5.1
661,5,19000,2021,15.8,1997,1997,24674,80
662,5,114658,2016,18.6,1197,1197,8183,5.21
663,5,71000,2015,17.11,1968,1968,17433,12.65
664,5,8000,2022,1197,8850,8850,113,5.95
665,5,28000,2018,16.55,1995,1995,1877,39.9
666,5,38616,2019,17.5,1199,1199,887,7.41
667,5,30000,2019,15.1,1798,1798,178,21.5
668,5,33093,2018,18.6,1197,1197,8183,6.81
669,5,33000,2019,17.05,1995,1995,184,29
670,7,57000,2019,11.36,2755,2755,1715,17.5
671,5,75206,2018,19.87,1461,1461,838,6.49
672,5,40000,2019,16,1368,1368,160,15
673,5,42000,2016,17.9,2143,2143,136,17.6
674,5,96241,2016,18.9,1197,1197,82,3.77
675,7,34214,2022,26.11,1462,1462,8663,12.75
676,5,55818,2015,20.73,1373,1373,911,6.61
677,5,80000,2020,15.8,1997,1997,24674,68
678,5,40000,2018,26.6,998,998,5816,4
679,5,70516,2015,998,671,671,90,3.11
680,5,48000,2020,20.52,1197,1197,8180,5.75
681,5,94000,2015,20.37,1995,1995,18774,16.9
682,5,80627,2016,15.29,1591,1591,1213,8.16
683,5,49000,2015,14.3,1598,1598,10352,5.25
685,5,19000,2020,18.8,3456,3456,25881,82
686,5,53311,2017,17.5,1199,1199,887,6.75
687,5,70000,2018,18.6,1197,1197,8186,5.85
688,5,108836,2016,18.6,1197,1197,8183,4.49
689,5,40000,2018,15.97,2993,2993,258,42.5
690,5,120000,2017,24.3,1248,1248,885,6
691,5,44525,2016,19.12,1373,1373,911,6.93
693,5,80000,2015,15.97,2993,2993,258,26.5
694,5,64862,2018,17.5,1199,1199,887,6.07
695,5,100000,2012,16.8,1497,1497,1163,2.95
696,5,63839,2016,21.4,1197,1197,831,5.59
697,5,14000,2022,2996,38487,38487,520,81.9
698,5,50000,2014,18.9,1197,1197,82,3.75
699,5,113820,2019,20,1497,1497,115,7.89
700,5,110000,2017,28.09,1248,1248,885,5
701,5,31000,2018,15.8,1591,1591,1213,8.65
702,5,97610,2018,28.4,1248,1248,7402,5.64
703,5,44000,2019,17.5,1498,1498,996,6.25
704,5,34496,2019,12.6,1950,1950,194,39
706,5,75163,2016,21.4,1197,1197,831,5.14
707,5,6900,2022,20.65,1462,1462,10325,10.25
708,5,89961,2015,18,1198,1198,867,3.74
709,5,4000,2022,19.62,1995,1995,18740,54
710,5,54000,2021,14.6,1956,1956,16767,17.5
711,5,58740,2019,21.21,1197,1197,8180,5.99
712,7,100000,2019,11.36,2755,2755,1715,15.5
713,5,18700,2020,15.8,1997,1997,24674,83
714,5,83690,2017,17.8,1198,1198,867,4.54
715,5,11000,2018,15,1991,1991,1944,50
716,5,50900,2012,17.71,1197,1197,789,2.95
717,5,25000,2021,16.1,1950,1950,19176,64
718,5,78651,2015,18.9,1197,1197,82,3.79
719,5,50000,2019,21.56,1462,1462,10325,7.5
720,5,9818,2023,19.4,999,999,11398,13.9
721,5,49230,2019,25.1,1248,1248,885,8.7
722,5,65000,2018,17,1591,1591,1213,8.85
723,5,69000,2017,20.68,1995,1995,188,19.9
725,5,75163,2016,21.4,1197,1197,831,5.14
726,5,6900,2022,20.65,1462,1462,10325,10.25
727,5,89961,2015,18,1198,1198,867,3.74
728,5,4000,2022,19.62,1995,1995,18740,54
729,5,54000,2021,14.6,1956,1956,16767,17.5
730,5,58740,2019,21.21,1197,1197,8180,5.99
731,7,100000,2019,11.36,2755,2755,1715,15.5
732,5,18700,2020,15.8,1997,1997,24674,83
733,5,83690,2017,17.8,1198,1198,867,4.54
734,5,11000,2018,15,1991,1991,1944,50
735,5,50900,2012,17.71,1197,1197,789,2.95
736,5,25000,2021,16.1,1950,1950,19176,64
737,5,78651,2015,18.9,1197,1197,82,3.79
738,5,50000,2019,21.56,1462,1462,10325,7.5
739,5,9818,2023,19.4,999,999,11398,13.9
740,5,49230,2019,25.1,1248,1248,885,8.7
741,5,65000,2018,17,1591,1591,1213,8.85
742,5,69000,2017,20.68,1995,1995,188,19.9
743,5,67000,2018,17.1,1956,1956,170,10.9
744,5,76685,2018,17,1497,1497,12131,6.95
746,5,101954,2019,20.45,1461,1461,1085,6.68
747,7,42000,2017,10.91,3198,3198,197,24.5
748,5,42000,2017,18.7,1199,1199,887,5.45
749,5,68897,2016,18.9,1197,1197,82,5
751,4,26000,2021,13.32,1998,1998,25479,65
752,5,105568,2017,23.65,1248,1248,885,4.63
753,7,54000,2018,12.62,2198,2198,158,24
754,5,61383,2019,18.15,998,998,11835,9.63
755,5,75000,2015,19.27,2143,2143,170,18.5
757,5,77130,2013,15.5,1198,1198,867,4
758,5,56426,2018,18,1969,1969,190,29.9
759,7,75000,2016,14.75,2967,2967,245,39.9
760,5,69018,2017,20.73,1373,1373,911,5.75
761,5,57000,2018,19.67,1582,1582,1262,10.75
762,5,76000,2018,15.8,1591,1591,1213,9.3
763,5,67000,2018,17.1,1956,1956,170,10.9
764,5,76685,2018,17,1497,1497,12131,6.95
766,5,101954,2019,20.45,1461,1461,1085,6.68
767,7,42000,2017,10.91,3198,3198,197,24.5
768,5,42000,2017,18.7,1199,1199,887,5.45
769,5,68897,2016,18.9,1197,1197,82,5
771,4,26000,2021,13.32,1998,1998,25479,65
772,5,105568,2017,23.65,1248,1248,885,4.63
773,7,54000,2018,12.62,2198,2198,158,24
774,5,61383,2019,18.15,998,998,11835,9.63
775,5,75000,2015,19.27,2143,2143,170,18.5
777,5,77130,2013,15.5,1198,1198,867,4
778,5,56426,2018,18,1969,1969,190,29.9
779,7,75000,2016,14.75,2967,2967,245,39.9
780,5,69018,2017,20.73,1373,1373,911,5.75
781,5,57000,2018,19.67,1582,1582,1262,10.75
782,5,76000,2018,15.8,1591,1591,1213,9.3
783,5,29000,2021,1451,141,141,250,16.5
784,5,65710,2019,18.15,998,998,11835,8.66
785,5,51763,2019,24.3,1248,1248,885,8
786,5,19133,2021,18.55,1462,1462,10325,9.74
787,5,22000,2018,12.95,1999,1999,15288,19.25
788,7,145000,2016,12.55,2982,2982,1685,18
789,5,42733,2015,20.73,1373,1373,911,6.82
790,5,30300,2017,17.84,1395,1395,14751,24.8
791,5,14000,2022,1991,30173,30173,400,48.5
792,5,59215,2019,19.87,1461,1461,838,7.8
793,5,22000,2018,7.81,2996,2996,36207,93
794,5,91724,2019,14.8,1591,1591,1213,10.76
795,7,52000,2017,12.9,2755,2755,1745,25.5
796,5,19900,2020,18.8,3456,3456,25881,82
797,5,72503,2015,998,671,671,90,3.21
799,5,38000,2020,16.34,1950,1950,24138,69.5
800,5,67633,2017,28.09,1248,1248,885,6.61
801,4,45000,2019,17.09,2993,2993,2614,43
802,5,61000,2015,18,1198,1198,867,4.6
803,5,29000,2021,1451,141,141,250,16.5
804,5,65710,2019,18.15,998,998,11835,8.66
805,5,51763,2019,24.3,1248,1248,885,8
806,5,19133,2021,18.55,1462,1462,10325,9.74
807,5,22000,2018,12.95,1999,1999,15288,19.25
808,7,145000,2016,12.55,2982,2982,1685,18
809,5,42733,2015,20.73,1373,1373,911,6.82
810,5,30300,2017,17.84,1395,1395,14751,24.8
811,5,14000,2022,1991,30173,30173,400,48.5
812,5,59215,2019,19.87,1461,1461,838,7.8
813,5,22000,2018,7.81,2996,2996,36207,93
814,5,91724,2019,14.8,1591,1591,1213,10.76
815,7,52000,2017,12.9,2755,2755,1745,25.5
816,5,19900,2020,18.8,3456,3456,25881,82
817,5,72503,2015,998,671,671,90,3.21
819,5,38000,2020,16.34,1950,1950,24138,69.5
820,5,67633,2017,28.09,1248,1248,885,6.61
821,4,45000,2019,17.09,2993,2993,2614,43
822,5,61000,2015,18,1198,1198,867,4.6
823,5,30000,2017,19.27,2143,2143,170,27.5
824,5,103030,2017,15.63,1499,1499,1104,6.82
825,6,19123,2019,19.01,1462,1462,1032,10.25
826,7,70767,2019,15.1,2179,2179,15287,11.6
827,5,25000,2019,15,1991,1991,1944,49.75
828,5,58525,2017,15.29,1591,1591,1213,8.5
829,5,77353,2016,21.4,1197,1197,831,5.2
830,5,59200,2018,21.4,1197,1197,831,6.25
831,5,25000,2022,1950,24138,24138,500,79.9
832,5,99230,2018,25.1,1248,1248,885,6.55
833,5,80000,2017,18.6,1197,1197,8183,5.25
834,5,50840,2018,20.73,1373,1373,911,6.72
835,5,1000,2023,16.9,1496,1496,20115,59.75
836,5,150000,2012,15.6,1497,1497,1163,4.5
837,5,111142,2017,21.4,1197,1197,831,5.01
838,5,133477,2014,11.7,1796,1796,178,8.5
839,7,23000,2021,2755,20115,20115,500,43
840,5,120802,2018,25.1,1248,1248,885,5.97
841,7,41000,2021,14.08,1956,1956,16767,20
842,5,50000,2015,19.16,2494,2494,1577,12.5
843,5,30000,2017,19.27,2143,2143,170,27.5
844,5,103030,2017,15.63,1499,1499,1104,6.82
845,6,19123,2019,19.01,1462,1462,1032,10.25
846,7,70767,2019,15.1,2179,2179,15287,11.6
847,5,25000,2019,15,1991,1991,1944,49.75
848,5,58525,2017,15.29,1591,1591,1213,8.5
849,5,77353,2016,21.4,1197,1197,831,5.2
850,5,59200,2018,21.4,1197,1197,831,6.25
851,5,25000,2022,1950,24138,24138,500,79.9
852,5,99230,2018,25.1,1248,1248,885,6.55
853,5,80000,2017,18.6,1197,1197,8183,5.25
854,5,50840,2018,20.73,1373,1373,911,6.72
855,5,1000,2023,16.9,1496,1496,20115,59.75
856,5,150000,2012,15.6,1497,1497,1163,4.5
857,5,111142,2017,21.4,1197,1197,831,5.01
858,5,133477,2014,11.7,1796,1796,178,8.5
859,7,23000,2021,2755,20115,20115,500,43
860,5,120802,2018,25.1,1248,1248,885,5.97
861,7,41000,2021,14.08,1956,1956,16767,20
862,5,50000,2015,19.16,2494,2494,1577,12.5
863,5,7900,2021,13.5,2925,2925,28161,1.5
864,5,42334,2019,20.04,1462,1462,10325,8.29
865,5,150000,2012,15.6,1497,1497,1163,4.25
866,5,98275,2015,20.85,1197,1197,8314,3.97
867,5,57500,2019,13.33,2995,2995,33525,1.8
868,5,65000,2018,17.5,1199,1199,887,6.85
869,5,52235,2018,17,1591,1591,1213,7.45
870,5,50158,2015,17.4,1497,1497,1173,6.95
871,5,34000,2020,16.1,1950,1950,1917,44.9
872,5,69820,2017,17.5,1498,1498,996,5.44
873,7,71000,2019,11.36,2755,2755,1715,20.5
874,5,82415,2018,20.89,1197,1197,8180,5.34
875,7,70000,2017,11,2987,2987,258,51.5
876,5,150000,2012,15.6,1497,1497,1163,4.5
877,5,71070,2018,19.6,1461,1461,10845,7.22
878,5,83000,2016,14.8,1595,1595,12069,12.65
879,5,107834,2020,18.27,998,998,11835,7.99
880,5,55000,2018,21.01,1197,1197,8180,6.75
881,5,55000,2017,9.7,2996,2996,32855,45.45
882,5,7900,2021,13.5,2925,2925,28161,1.5
883,5,42334,2019,20.04,1462,1462,10325,8.29
884,5,150000,2012,15.6,1497,1497,1163,4.25
885,5,98275,2015,20.85,1197,1197,8314,3.97
886,5,57500,2019,13.33,2995,2995,33525,1.8
887,5,65000,2018,17.5,1199,1199,887,6.85
888,5,52235,2018,17,1591,1591,1213,7.45
889,5,50158,2015,17.4,1497,1497,1173,6.95
890,5,34000,2020,16.1,1950,1950,1917,44.9
891,5,69820,2017,17.5,1498,1498,996,5.44
892,7,71000,2019,11.36,2755,2755,1715,20.5
893,5,82415,2018,20.89,1197,1197,8180,5.34
894,7,70000,2017,11,2987,2987,258,51.5
895,5,150000,2012,15.6,1497,1497,1163,4.5
896,5,71070,2018,19.6,1461,1461,10845,7.22
897,5,83000,2016,14.8,1595,1595,12069,12.65
898,5,107834,2020,18.27,998,998,11835,7.99
899,5,55000,2018,21.01,1197,1197,8180,6.75
900,5,55000,2017,9.7,2996,2996,32855,45.45
901,5,25000,2020,11.2,2400,2400,215,52
902,5,48539,2014,1197,8580,8580,114,3.21
903,5,65000,2015,16.8,1497,1497,1163,6.25
904,5,86916,2014,18.9,1197,1197,82,3.68
905,5,11000,2016,18.8,3456,3456,259,66
906,5,108662,2019,17,1198,1198,1085,7.12
907,5,130000,2012,15.6,1497,1497,1163,4.5
908,4,29000,2019,10.63,2979,2979,410,71
909,5,63307,2018,18.9,1197,1197,8186,5.44
910,5,84000,2018,16.38,1995,1995,18246,15.9
911,5,101927,2016,21.4,1197,1197,831,5.14
912,4,31900,2017,16.47,1998,1998,231,31
913,5,76000,2015,12,1991,1991,18103,23.9
914,5,40775,2019,20.04,1462,1462,10325,8.14
915,5,18346,2020,13.5,2925,2925,28161,97
917,5,59710,2018,25.1,1248,1248,885,7.8
918,5,40000,2020,17.4,1497,1497,1176,10.95
920,5,25000,2020,11.2,2400,2400,215,52
921,5,48539,2014,1197,8580,8580,114,3.21
922,5,65000,2015,16.8,1497,1497,1163,6.25
923,5,86916,2014,18.9,1197,1197,82,3.68
924,5,11000,2016,18.8,3456,3456,259,66
925,5,108662,2019,17,1198,1198,1085,7.12
926,5,130000,2012,15.6,1497,1497,1163,4.5
927,4,29000,2019,10.63,2979,2979,410,71
928,5,63307,2018,18.9,1197,1197,8186,5.44
929,5,84000,2018,16.38,1995,1995,18246,15.9
930,5,101927,2016,21.4,1197,1197,831,5.14
931,4,31900,2017,16.47,1998,1998,231,31
932,5,76000,2015,12,1991,1991,18103,23.9
933,5,40775,2019,20.04,1462,1462,10325,8.14
934,5,18346,2020,13.5,2925,2925,28161,97
936,5,59710,2018,25.1,1248,1248,885,7.8
937,5,40000,2020,17.4,1497,1497,1176,10.95
939,7,8000,2022,11.21,2995,2995,33525,87
940,5,67606,2019,17.5,1199,1199,887,6.82
941,5,72135,2016,15.73,1968,1968,17433,15.75
942,5,96658,2015,18.6,1197,1197,8183,5.1
943,5,29000,2017,17.84,1395,1395,14751,27.25
944,7,76000,2017,14.75,2967,2967,245,45
945,5,26750,2017,19.12,1373,1373,911,8.62
946,5,92762,2009,10.13,3498,3498,3649,8.25
947,5,14000,2018,19.33,1999,1999,177,35.5
948,5,43293,2018,19.49,1198,1198,6704,4.12
949,5,102786,2017,17,1497,1497,1186600,5.95
950,5,98751,2015,19.49,1198,1198,6704,2.98
951,5,53000,2017,12.8,2998,2998,2396,34.9
952,5,54776,2017,22.69,1995,1995,190,18.9
953,5,59870,2018,28.09,1248,1248,885,7.27
954,5,50000,2013,18.9,1197,1197,8186,3.95
955,5,38000,2021,8.13,2925,2925,28161,2.45
956,5,80330,2013,1197,8580,8580,114,2.93
957,5,94000,2015,16.8,1497,1497,1163,6.25
958,7,37800,2018,12.83,1999,1999,14831,37.9
959,7,8000,2022,11.21,2995,2995,33525,87
960,5,67606,2019,17.5,1199,1199,887,6.82
961,5,72135,2016,15.73,1968,1968,17433,15.75
962,5,96658,2015,18.6,1197,1197,8183,5.1
963,5,29000,2017,17.84,1395,1395,14751,27.25
964,7,76000,2017,14.75,2967,2967,245,45
965,5,26750,2017,19.12,1373,1373,911,8.62
966,5,92762,2009,10.13,3498,3498,3649,8.25
967,5,14000,2018,19.33,1999,1999,177,35.5
968,5,43293,2018,19.49,1198,1198,6704,4.12
969,5,102786,2017,17,1497,1497,1186600,5.95
970,5,98751,2015,19.49,1198,1198,6704,2.98
971,5,53000,2017,12.8,2998,2998,2396,34.9
972,5,54776,2017,22.69,1995,1995,190,18.9
973,5,59870,2018,28.09,1248,1248,885,7.27
974,5,50000,2013,18.9,1197,1197,8186,3.95
975,5,38000,2021,8.13,2925,2925,28161,2.45
976,5,80330,2013,1197,8580,8580,114,2.93
977,5,94000,2015,16.8,1497,1497,1163,6.25
978,7,37800,2018,12.83,1999,1999,14831,37.9
979,7,25000,2019,14.75,2967,2967,245,65.5
980,5,29294,2019,16.35,1956,1956,16767,13.65
981,5,6800,2023,16.8,1497,1497,11342,16.95
982,5,16847,2020,20.4,1194,1194,9493,5.94
983,5,70000,2017,17.9,2143,2143,1341,17.5
984,5,25500,2022,13.47,1984,1984,24559,55.8
985,5,65865,2018,19.6,1461,1461,10845,7.99
986,5,1000,2021,14.11,1984,1984,2413,55.9
987,5,60000,2018,14.7,1984,1984,181,38
988,5,54000,2020,21.19,1497,1497,10849,9.99
989,5,5500,2022,13.02,2998,2998,36878,72
990,5,20866,2021,17.1,1199,1199,8850,8.14
991,5,5000,2023,22.94,1197,1197,8850,9.85
992,5,130363,2010,18.6,1197,1197,858,1.3
993,7,73937,2018,17.3,1497,1497,121,8.99
994,5,40000,2017,1396,887,887,2197,7.99
995,5,15000,2020,1950,24138,24138,500,74.5
996,5,42014,2018,19.49,1198,1198,6704,4.25
997,5,34000,2021,13.96,1451,1451,141,16.4
998,5,73000,2018,24.3,1248,1248,885,7
999,5,59841,2019,25.1,1248,1248,885,8.74
1000,5,37000,2021,16.8,1497,1497,11342,15.25
1001,5,81949,2012,17.71,1197,1197,789,2.92
1002,5,50000,2017,1197,789,789,1117,4.25
1003,5,50000,2013,814,552,552,745,1.75
1004,5,34769,2020,18.3,1498,1498,11935,13.08
1005,5,79656,2015,1197,8180,8180,113,3.1
1006,5,55000,2019,12.6,1950,1950,194,34.75
1007,5,84310,2016,18.6,1197,1197,8183,5.64
1008,5,23000,2018,18.9,1197,1197,8186,5.15
1009,5,79362,2016,19.49,1198,1198,6704,3.42
1010,5,18000,2019,16.55,1995,1995,18774,49.5
1011,5,102511,2013,1197,8580,8580,114,2.49
1012,7,70000,2018,26.08,1462,1462,9119,7.65
1013,7,80000,2017,11,2987,2987,258,48.5
1014,5,105446,2015,18.9,1197,1197,82,3.75
1015,5,54000,2015,21.4,1197,1197,831,4.25
1016,5,75865,2013,1086,6805,6805,9904,2.65
1017,5,64690,2020,16.8,1497,1497,11343,10
1018,5,5103,2022,1197,8180,8180,1138,10.85
1019,4,52000,2015,624,3748,3748,51,1.5
1020,6,18706,2018,1198,82,82,115,4.24
1021,5,43687,2016,19.1,1197,1197,82,5.2
1022,5,51000,2019,18.15,998,998,11835,9.75
1023,5,60758,2012,16.8,1497,1497,1163,4.4
1024,5,42000,2020,23.7,1396,1396,887,10.5
1025,5,42261,2016,24.3,1248,1248,885,8.85
1026,5,75499,2015,1197,82,82,114,4.56
1027,5,120000,2013,22.7,1582,1582,12624,3.99
1028,5,87109,2015,1197,82,82,114,4.59
1029,7,69000,2019,18.49,1493,1493,100,8.5
1030,5,109000,2017,22,1498,1498,108495,6.25
1031,5,90001,2018,18.23,1582,1582,1262,10.75
1032,5,13000,2022,18.89,1498,1498,14751,16.5
1033,5,60000,2011,22.07,1199,1199,739,2.4
1034,5,75000,2010,1495,94,94,125,1.9
1035,6,76000,2019,17.99,1462,1462,1032,9.25
1036,7,82000,2014,20.77,1248,1248,8876,6.5
1037,5,42261,2016,24.3,1248,1248,885,8.85
1038,5,87109,2015,1197,82,82,114,4.59
1039,7,82000,2014,20.77,1248,1248,8876,6.5
1040,5,47057,2016,814,552,552,745,3.17
1041,5,123715,2019,17,1591,1591,1213,7.7
1043,5,36522,2021,19.01,1199,1199,8482,5.44
1044,5,63000,2016,16.09,1598,1598,1032,5.8
1045,5,23285,2018,17.74,999,999,7510,5.73
1046,5,14596,2021,20.7,1197,1197,8186,6.41
1047,5,48401,2013,14.84,2143,2143,170,12
1048,5,34377,2021,21.01,1197,1197,8180,7.57
1049,5,127000,2011,11.74,2987,2987,2548,11
1050,5,70000,2018,16.1,1950,1950,1917,39.95
1051,5,90000,2012,16.09,1995,1995,184,12
1052,5,65000,2017,21.7,1498,1498,9896,7.25
1053,5,80000,2020,17.1,1956,1956,17063,16.5
1054,7,89000,2014,24.2,1498,1498,986,5.5
1055,5,90000,2018,21.7,1498,1498,9896,7.75
1056,5,109000,2017,22.15,1498,1498,1086,7.25
1057,5,66302,2021,19.7,1497,1497,11505,11.24
1058,5,79247,2012,22.41,1197,1197,8850,4.1
1059,5,46000,2017,13.79,1998,1998,192,33
1060,5,82051,2017,27.39,1248,1248,74,6.07
1061,5,31655,2021,22.38,1197,1197,8850,7.75
1062,5,16000,2017,18.9,1197,1197,8186,5.75
1063,5,59965,2019,25.5,1498,1498,986,7.61
1064,5,60000,2009,17,1197,1197,805200,1.75
1065,5,103209,2017,21.4,1197,1197,831,5.02
1066,5,29497,2017,21.4,1197,1197,831,5.59
1067,5,51000,2012,1197,789,789,1117,2.9
1068,5,22849,2020,20.7,1197,1197,8186,6.83
1069,5,66000,2018,22.54,1396,1396,8873,5.75
1070,5,43000,2019,20.68,1995,1995,190,29.5
1071,5,68000,2019,24.3,1248,1248,885,7.5
1072,5,61000,2018,17.9,2143,2143,170,37.5
1073,5,35000,2018,20.65,1462,1462,10325,6.8
1074,5,47000,2019,19.56,1197,1197,8180,6.75
1075,5,54000,2019,24.3,1248,1248,885,8.75
1076,5,72000,2015,18,1497,1497,1173,6.15
1077,5,62039,2017,796,4733,4733,69,3.02
1078,5,23428,2020,21.01,1197,1197,8180,7.14
1079,5,53000,2017,25.1,1248,1248,885,7.95
1080,5,47925,2012,16.8,1497,1497,1163,4.53
1081,5,59011,2015,1197,82,82,114,4.26
1082,7,121281,2019,12.35,2157,2157,17849,17.51
1083,5,63238,2019,18.9,1197,1197,8186,5.15
1084,5,51376,2014,18,1497,1497,1173,6
1085,5,51196,2013,1086,6805,6805,9904,3.19
1086,5,35898,2018,18.9,1197,1197,8186,5.43
1087,5,40000,2018,22.48,1995,1995,18774,34.5
1088,5,19876,2018,20.89,1197,1197,8180,4.92
1089,5,68000,2012,22.9,1248,1248,74,4.1
1090,5,40451,2016,18.6,1199,1199,8876,5.25
1091,5,60000,2014,17.4,1497,1497,1173,5.55
1092,5,69000,2013,17.68,1968,1968,17433,14.5
1093,5,98000,2018,21.01,1197,1197,8180,6
1094,5,790000,2020,18.15,998,998,11835,9.75
1095,5,55000,2019,18.2,1199,1199,887,7.5
1096,5,104000,2015,23.59,1364,1364,6705,5.25
1097,5,57647,2019,24.7,796,796,473,3.52
1098,5,76125,2017,18.9,1197,1197,8186,4.4
1099,5,94857,2017,28.4,1248,1248,7402,6.06
1100,5,51499,2016,18,1198,1198,867,4.96
1101,7,22468,2023,2198,18238,18238,450,22
1102,5,123186,2016,25.24,998,998,6571,3.68
1103,5,20000,2021,21.79,998,998,6705,6.1
1104,5,74661,2015,18.6,1197,1197,8183,5.45
1105,5,50018,2012,22.9,1248,1248,74,4.2
1106,5,38000,2019,18.6,1197,1197,8183,5.6
1107,5,11971,2021,21.01,1197,1197,8180,7.55
1108,5,80000,2010,20.3,1248,1248,75,1
1109,5,64000,2014,18.6,1197,1197,8183,5.5
1110,5,37000,2017,1197,831,831,115,5.05
1111,5,92000,2015,22.54,1396,1396,8873,5.95
1112,5,70000,2019,23.95,998,998,6705,3.4
1113,5,83000,2021,17.03,1462,1462,10326,7.95
1114,5,32000,2020,998,6705,6705,90,5.1
1115,5,88000,2018,27.39,1248,1248,74,5.9
1116,5,105885,2012,1197,8850,8850,113,3.27
1117,5,93774,2017,25.5,1498,1498,986,7.15
1118,5,44000,2020,12.6,1950,1950,194,39.5
1119,5,86981,2016,1197,82,82,114,4.21
1120,5,48728,2019,21.4,1197,1197,831,6.66
1121,5,87001,2013,17.01,1591,1591,1213,4.65
1122,5,50595,2016,20.51,998,998,6704,4.11
1123,5,31000,2021,17.1,1199,1199,8850,8.5
1124,5,103012,2015,1197,82,82,114,4.14
1125,5,108929,2013,22.38,1197,1197,8850,3.84
1126,7,57000,2016,15.4,1497,1497,1173,7.95
1127,5,56387,2018,18.5,1198,1198,868,4.3
1128,5,101000,2014,26,1498,1498,986,5.75
1129,5,42000,2018,16.5,1198,1198,868,5.5
1130,5,50000,2021,25,1493,1493,11345,13.9
1131,5,810000,2020,21.7,1498,1498,9896,9
1132,5,26000,2018,18.9,1197,1197,8186,5.95
1133,5,92001,2014,14.84,2143,2143,16762,11.75
1134,5,29000,2016,18.5,1198,1198,868,4.5
1135,5,69000,2017,20.4,1197,1197,8180,5.4
1136,5,51918,2022,1197,8180,8180,113,5.4
1137,5,37552,2016,18.9,1197,1197,82,5.32
1138,5,84000,2019,17,1198,1198,1085,8.7
1139,5,63420,2016,18,1198,1198,867,5.11
1140,5,68888,2017,18.9,1197,1197,8186,4.39
1141,5,104255,2013,22.9,1248,1248,74,4.5
1142,5,47877,2018,18.5,1198,1198,868,4.72
1143,5,61000,2016,14.74,1991,1991,18104,27.9
1144,5,83337,2016,27.3,1498,1498,986,4.64
1145,5,61836,2016,19.4,1198,1198,868,4.06
1146,5,68001,2015,18.19,1197,1197,1032,5.9
1147,5,39813,2022,22.35,1197,1197,8850,7.87
1148,5,74000,2018,17.8,1198,1198,867,6.9
1149,5,87000,2013,19.4,1198,1198,868,3.5
1150,5,71000,2016,18.6,1197,1197,8183,6.6
1151,5,102000,2018,17.9,2143,2143,20115,43.5
1152,5,110000,2010,11.3,2360,2360,170,6.5
1153,5,75000,2019,23.84,1199,1199,84,5.7
1154,5,62000,2017,28.09,1248,1248,885,7.1
1155,5,49000,2014,1197,789,789,1117,4.4
1156,5,76792,2016,20.73,1373,1373,911,6.37
1157,5,34445,2014,19.4,1198,1198,868,4.24
1158,5,64000,2012,1086,6805,6805,9904,3.2
1159,5,109405,2016,22.41,1197,1197,8850,5.2
1160,5,118146,2015,18.7,1199,1199,887,4.61
1161,5,9000,2022,18.8,1199,1199,8663,8.75
1162,5,41339,2017,18.9,1197,1197,8186,5.87
1163,5,22000,2022,14.82,1998,1998,18908,33.5
1164,5,62607,2017,17.5,1199,1199,887,7.21
1165,5,52794,2020,21.01,1197,1197,8180,6.77
1166,5,10000,2022,15,1991,1991,19444,67.5
1167,7,33864,2022,20,999,999,7101,5.86
1168,5,73000,2012,19.5,1582,1582,12624,4.25
1169,5,70000,2017,21.01,1197,1197,8180,4.75
1170,7,67754,2017,21.9,1498,1498,986,6.15
1172,5,69000,2010,18.06,1198,1198,75,2.5
1173,7,78000,2018,15.1,2179,2179,15287,10.25
1174,5,70000,2009,796,463,463,62,1.4
1175,7,83000,2017,24.52,1248,1248,885,7.8
1176,5,17778,2020,20.7,1197,1197,8186,7.04
1177,5,16499,2021,20.7,1197,1197,8186,7.14
1178,5,120000,2012,21.64,1461,1461,848,2.25
1179,5,33364,2016,18.7,1199,1199,887,4.79
1180,5,64784,2016,18.9,1197,1197,82,4.26
1181,5,59000,2014,12,1991,1991,184,19.9
1182,5,29584,2014,1086,6805,6805,9904,3.7
1183,5,80000,2013,16.95,1498,1498,977,3
1184,5,87217,2011,17,1497,1497,1186600,3.73
1185,5,77482,2017,23.84,1199,1199,84,3.99
1186,5,60000,2018,19,1199,1199,887,6.25
1187,5,34312,2020,20.09,1199,1199,8482,5.57
1188,5,53000,2021,19,1199,1199,8482,6.5
1189,5,45000,2017,18.1,1199,1199,887,5.75
1190,5,23000,2019,17.8,1198,1198,867,6.9
1191,5,80001,2015,21.21,1197,1197,8180,4.9
1192,5,62000,2015,28.4,1248,1248,7402,5.5
1193,5,57000,2020,14.8,1497,1497,12136,8.5
1194,5,21000,2015,19.4,1198,1198,868,3.9
1195,5,43415,2013,22.38,1197,1197,8850,4.08
1196,5,24412,2017,22.54,1396,1396,8873,7.58
1197,7,45000,2021,14.11,2199,2199,1972,25.9
1198,5,24020,2015,1197,82,82,114,4.8
1199,5,70251,2018,21.21,1197,1197,8180,5.33
1200,5,44000,2018,18.4,1498,1498,11935,9.9
1201,4,86212,2021,796,4036,4036,60,4.2
1202,5,64000,2018,17,1591,1591,1213,9.5
1203,5,39458,2015,1197,82,82,114,4.65
1204,5,70598,2012,22.9,1248,1248,74,3.56
1205,5,94000,2017,17.8,1198,1198,867,4.75
1206,5,48325,2016,1197,82,82,114,4.3
1207,5,66000,2016,14.28,1798,1798,13803,6.5
1208,5,86001,2015,26,1498,1498,986,5.75
1209,5,62000,2014,14.28,1798,1798,13803,6.9
1210,5,50000,2016,17.43,1396,1396,1055,6.25
1211,5,79000,2016,20.5,1582,1582,1262,9.25
1212,5,74002,2017,28.4,1248,1248,7402,6.75
1213,5,74000,2014,7.81,5461,5461,3629,52.9
1214,5,65000,2015,23.9,1582,1582,12632,5.9
1215,5,39718,2021,21,1197,1197,8180,7.58
1216,5,67529,2016,1197,82,82,114,4.5
1217,7,110000,2016,14.75,2967,2967,245,40
1218,5,88281,2017,21.4,1197,1197,831,5.01
1219,5,64160,2016,1197,82,82,114,4.12
1220,5,88000,2018,16.38,1995,1995,18246,15.5
1221,5,77253,2017,22.38,1197,1197,8850,4.91
1222,5,72000,2013,16.55,1968,1968,14751,11.9
1223,5,102614,2012,16.8,1497,1497,1164,4.01
1224,5,78911,2017,17.8,1497,1497,1173,6.37
1225,5,99000,2015,15.3,2993,2993,258,28.9
1226,5,47975,2017,18.9,1197,1197,8186,4.96
1227,5,56000,2018,19.27,2143,2143,16762,29.5
1228,7,121000,2014,11.3,2987,2987,2548,35
1229,5,78000,2015,15.26,2143,2143,2032,23.9
1230,5,75000,2015,15.87,2993,2993,30843,32.9
1231,5,44000,2020,1999,2454,2454,430,53.5
1232,5,42000,2019,23.1,998,998,6704,4.5
1234,5,60000,2018,21.4,1197,1197,831,5.1
1235,5,64657,2015,1197,82,82,114,4.02
1236,5,100657,2018,19,1199,1199,887,5.67
1237,5,32000,2018,13,1591,1591,1213,10.9
1238,5,50570,2012,19.4,1198,1198,868,2.8
1239,5,42392,2016,18.9,1197,1197,82,5.13
1240,5,78000,2014,22.7,1498,1498,8984,3.75
1241,5,62155,2015,1197,82,82,114,4.19
1242,5,100000,2007,15,1586,1586,10468,1.55
1243,5,94822,2016,22.54,1396,1396,8873,5.43
1244,5,59422,2016,814,552,552,745,2.91
1245,5,82000,2020,1497,11343,11343,144,13.9
1246,5,70727,2017,17,1591,1591,1213,9.12
1247,5,79000,2020,1497,11343,11343,144,12.9
1248,5,120000,2014,19.01,1461,1461,10845,3.45
1249,5,120000,2012,21.64,1461,1461,848,2.25
1250,5,120000,2013,22.7,1582,1582,12624,4
1251,7,70000,2016,18.49,1493,1493,100,6.15
1252,5,61000,2017,20.68,1995,1995,188,19.75
1253,5,92000,2014,18,1198,1198,867,3.6
1254,7,58857,2016,15.4,1497,1497,1173,6.5
1255,5,68237,2016,20.51,998,998,6704,3.89
1256,5,31237,2021,21.01,1197,1197,8180,7.27
1257,5,45000,2017,20.14,1197,1197,8186,4.95
1258,5,93027,2012,22.9,1248,1248,74,3.71
1259,5,122688,2014,23.4,1248,1248,74,4.22
1260,5,53000,2020,25.8,1498,1498,986,6.75
1261,5,60464,2019,21.63,998,998,6705,4.6
1263,5,40171,2014,17.4,1497,1497,1173,5.17
1264,5,122223,2018,17.8,1198,1198,867,5.8
1265,5,44000,2010,1086,6805,6805,9904,2.4
1266,5,77299,2015,18.9,1197,1197,82,4.79
1267,5,39000,2019,16.35,1956,1956,16767,13.95
1268,5,120000,2018,17.1,1956,1956,170,11
1269,5,29000,2022,15.43,1498,1498,10849,12.9
1270,5,60000,2017,18.7,1199,1199,887,4.75
1271,5,80000,2017,22.54,1396,1396,8873,6.9
1272,5,78000,2015,21.7,1498,1498,9896,5.5
1273,5,58000,2016,24.7,1498,1498,9789,5.5
1274,5,67000,2015,1120,70,70,160,4.25
1275,5,44019,2014,18.6,1197,1197,858,3.15
1276,5,11962,2021,24.97,998,998,6571,5.69
1277,5,44002,2009,19.7,796,796,463,95000
1278,5,13066,2020,22.05,796,796,4733,3.69
1279,5,36015,2016,18.9,1197,1197,82,3.61
1280,5,14000,2021,19.65,1197,1197,8676,6.99
1281,5,11880,2020,998,5833,5833,78,4.74
1282,5,35000,2009,1086,6805,6805,9904,2.25
1283,7,65018,2015,1248,8850,8850,200,4.75
1284,5,28061,2020,22.05,796,796,4733,3.43
1285,5,40300,2019,13.9,1498,1498,105,6.5
1286,5,58231,2019,23.95,998,998,6705,3.32
1288,5,13000,2021,20.28,998,998,11841,8.9
1289,5,32997,2020,22.05,796,796,4733,3.39
1290,5,41203,2015,18.7,1199,1199,887,3.99
1292,5,6818,2019,19.4,1194,1194,9493,5.4
1293,5,44000,2016,26,1498,1498,986,5.5
1294,5,29200,2019,25.6,1498,1498,979,8.75
1295,5,16016,2011,1086,6805,6805,9904,1.85
1296,5,26638,2020,21.7,998,998,6571,4.19
1297,5,44000,2016,26,1498,1498,986,5.5
1298,5,18930,2020,998,5833,5833,78,4.79
1299,5,5700,2019,2995,340,340,450,1.05
1300,5,29200,2019,25.6,1498,1498,979,8.75
1301,5,26580,2019,998,5833,5833,78,4.49
1302,7,35000,2018,15.4,1497,1497,1173,7.45
1303,5,32000,2018,16.9,1395,1395,14751,21
1304,5,68499,2019,17.6,1582,1582,1262,10.83
1305,5,53750,2018,23,1498,1498,9896,6.85
1306,5,48341,2019,22.05,796,796,4733,3.03
1307,5,25000,2018,3996,641,641,850,3.6
1308,5,34260,2018,21.5,1197,1197,8180,3.95
1309,5,48380,2018,23,1498,1498,9896,5.83
1310,5,52000,2018,19.67,1582,1582,1262,9.95
1311,8,23022,2016,796,342,342,59,2.25
1312,5,26610,2019,23.95,998,998,6705,3.65
1313,7,66019,2018,24.2,1498,1498,9387,7.75
1314,5,42320,2014,998,671,671,90,2.29
1315,5,25484,2020,998,5833,5833,78,4.77
1316,5,25171,2013,998,671,671,90,2.22
1317,5,78006,2011,23,1396,1396,904000,2.55
1318,5,21607,2018,19.34,1198,1198,7594,4.7
1319,5,52162,2019,16.5,1353,1353,13808,11.92
1320,5,23435,2016,16.77,2993,2993,26149,45
1321,5,20336,2021,19.2,999,999,11398,12.81
1322,5,68591,2018,25.1,1248,1248,885,6.75
1323,5,65341,2014,25.2,1248,1248,74,3.44
1324,5,23329,2017,22.5,999,999,67,2.72
1325,5,84000,2015,25.1,1498,1498,986,5.25
1326,5,19000,2018,21.43,1364,1364,8679,14.95
1327,5,100500,2013,1248,7394,7394,190,2.45
1328,5,58500,2019,23,1498,1498,9896,6.65
1329,5,66455,2018,19.6,2400,2400,190,19.35
1330,5,1229,2023,24.97,998,998,6571,5.9
1331,5,12100,2022,245.59,370,370,19,50
1332,5,26597,2021,18.2,998,998,11835,9.25
1333,5,73616,2015,22,1197,1197,8180,3.75
1334,5,53657,2011,18.5,1197,1197,805200,2.63
1335,5,37016,2014,814,552,552,745,2.05
1336,5,62466,2017,18.7,1199,1199,887,3.9
1337,5,20041,2021,20.7,1197,1197,8186,6.19
1338,5,49000,2017,21.21,1197,1197,8180,3.65
1339,5,44669,2014,19.1,1197,1197,858,3.79
1340,5,28500,2019,20.7,1197,1197,8186,5.45
1341,5,19843,2014,998,671,671,90,3.05
1342,5,44800,2014,19.1,1197,1197,858,3.81
1343,5,44275,2016,21.21,1197,1197,8180,3.75
1344,5,27012,2020,21.21,1197,1197,8180,5.45
1345,5,35629,2018,20.52,1197,1197,8180,4.25
1346,5,37009,2017,23.95,998,998,6705,2.75
1347,5,28000,2011,16.95,1197,1197,789,2.7
1348,5,46022,2014,19.81,1086,1086,6805,2.35
1349,5,100000,2009,1086,6805,6805,9904,1.25
1350,7,22302,2018,17.5,1373,1373,911,6.9
1351,5,17000,2021,9.8,2995,2995,340,80
1352,5,7400,2023,14.6,1956,1956,16767,20.25
1353,5,17024,2018,22.7,799,799,5364,2.72
1354,5,71649,2014,23.59,1364,1364,6704,3.32
1355,5,9016,2022,998,6705,6705,90,5.05
1356,5,44999,2015,16.78,1496,1496,8873,3.74
1357,5,78106,2016,19.87,1461,1461,838,5.1
1358,5,34016,2015,814,552,552,745,2.15
1359,5,85692,2014,25.2,1248,1248,74,3.47
1360,5,6500,2021,17.33,1199,1199,11835,7.98
1361,5,35080,2021,18.27,998,998,11835,8.99
1362,5,77727,2016,16.2,1199,1199,74,3.77
1363,5,43000,2014,18.5,1197,1197,8285,3.49
1364,5,30000,2019,18.9,1197,1197,8186,4.25
1365,7,42364,2016,17.45,1493,1493,100,4.5
1366,5,7000,2015,16.5,1198,1198,868,4.95
1367,5,54000,2016,18.7,1199,1199,887,3.95
1368,5,45000,2009,17.5,1298,1298,858,2.25
1369,5,44018,2013,19.1,1197,1197,858,3.45
1370,5,18500,2020,16.5,1799,1799,13946,12.9
1371,5,43002,2011,17.92,1086,1086,621,1.75
1372,5,13200,2020,12.74,1991,1991,197,50
1373,5,69381,2019,23.01,999,999,67,3.27
1374,5,64275,2015,19.67,1582,1582,1262,6.28
1375,4,7421,2021,15.2,1997,1997,150,12.49
1376,5,5252,2021,18.3,1498,1498,11935,12.07
1377,5,63663,2014,16.78,1496,1496,8873,3.41
1378,5,60545,2015,17.8,1497,1497,1173,5.55
1379,5,85602,2016,17.8,1198,1198,867,3.33
1380,7,35902,2019,15.04,2755,2755,1745,28
1381,5,87172,2018,15.8,1591,1591,1213,7.88
1382,5,52950,2014,16.47,1198,1198,739,3.72
1383,5,42005,2016,17.01,1591,1591,1213,4.71
1384,5,64000,2018,15.8,1591,1591,1213,8.25
1385,5,32000,2019,17,1591,1591,1213,8.25
1386,5,65000,2018,15.8,1591,1591,1213,8.5
1387,5,21000,2018,14.59,1999,1999,14992,8.85
1388,5,39450,2016,14.28,1798,1798,13803,8.15
1389,5,32000,2017,14.59,1999,1999,14992,8.85
1390,5,60314,2018,17.5,1199,1199,887,5.75
1391,5,4000,2018,19.1,1368,1368,986,7.49
1392,5,65000,2017,28.09,1248,1248,8850,5.25
1393,5,78019,2015,19.67,1582,1582,1262,6.39
1394,5,42970,2020,16.42,1498,1498,10455,7.64
1395,7,176000,2010,12.8,2494,2494,102,4.4
1396,5,24100,2019,20.52,1197,1197,8180,4.74
1397,5,51123,2015,21.4,1197,1197,831,4.71
1398,5,66000,2016,16.8,1395,1395,13802,5.95
1399,5,48405,2015,27.39,1248,1248,74,4.98
1400,5,52305,2013,17.68,1968,1968,17433,10.75
1401,5,46488,2015,24,1120,1120,70,3.71
1402,5,71842,2018,22.54,1396,1396,8876,5.29
1403,5,91000,2014,26,1498,1498,986,3.95
1404,5,51334,2013,21.9,1396,1396,8876,2.8
1405,7,72560,2016,12.9,2755,2755,1745,16.7
1406,5,68000,2018,20.3,1086,1086,68,3.85
1407,5,45000,2014,22.41,1197,1197,8850,3.6
1408,5,44000,2013,13.17,1999,1999,114,3.95
1409,5,47000,2016,14.67,1798,1798,17746,10.95
1410,7,92044,2016,12.55,2982,2982,1685,16.5
1411,7,40000,2018,14.75,2967,2967,245,46
1412,5,60545,2015,17.4,1497,1497,1173,5.5
1413,5,79097,2014,1248,7394,7394,190,3.29
1414,5,68619,2013,19.1,1197,1197,858,3.44
1415,5,34452,2014,14.16,1968,1968,1743,16.75
1416,5,40326,2017,24,1186,1186,7397,5.22
1417,5,40021,2019,19.02,1198,1198,6705,3.92
1418,5,44000,2019,998,6705,6705,90,3.99
1419,5,7962,2019,20.52,1197,1197,8180,4.89
1420,7,260000,2012,12.8,2494,2494,102,6.25
1421,5,44508,2018,19.69,1198,1198,6704,3.38
1422,5,58958,2014,14.5,1797,1797,1475,5.25
1423,5,44000,2018,20.89,1197,1197,8180,4.65
1424,5,48188,2022,17.03,1462,1462,10326,8.25
1425,5,55000,2009,20.36,1197,1197,789,1.51
1426,5,24268,2013,1197,82,82,114,2.85
1427,5,23000,2019,17.01,1582,1582,1262,10.5
1428,5,38502,2020,13.96,1451,1451,141,13.75
1429,5,35000,2017,19.67,1582,1582,1262,7.5
1430,5,43487,2020,16.5,1353,1353,13808,13.5
1431,5,32000,2018,24.3,1248,1248,885,7.5
1432,5,14400,2019,17.9,2143,2143,136,24
1433,5,62920,2017,1198,74,74,110,5.27
1434,5,60467,2012,19,998,998,661,2.8
1435,5,65017,2014,19.81,1086,1086,6805,2.25
1436,5,38015,2017,21.21,1197,1197,8180,5.47
1437,5,49134,2017,17.71,1197,1197,789,4.42
1438,5,37100,2016,21.79,998,998,6705,3.1
1439,5,69977,2021,20.28,998,998,11841,8.69
1440,5,16937,2017,19.34,1198,1198,7594,3.25
1441,7,51441,2018,15.1,2179,2179,15287,10.71
1442,5,53947,2017,21.21,1197,1197,8180,5.62
1443,5,30000,2020,16.5,1353,1353,13808,13.2
1444,5,40909,2015,18.6,1197,1197,8183,4.35
1445,7,70000,2019,18.49,1493,1493,100,5.75
1446,5,69000,2011,17.5,1197,1197,858,2.25
1447,5,28662,2017,18.7,1199,1199,887,3.85
1448,5,46912,2021,14.6,1956,1956,16767,16.25
1450,5,65000,2013,15.04,1598,1598,1036,2.5
1451,5,40238,2013,19.27,2143,2143,170,12.5
1452,5,52000,2020,21.66,1498,1498,10862,4.45
1453,5,22873,2021,20.3,1086,1086,6805,4.73
1454,5,77389,2012,19,998,998,661,2.27
1455,5,32000,2018,22,1197,1197,8180,5.3
1456,5,88935,2016,21.66,1498,1498,10352,4.85
1457,5,53681,2018,19.69,1198,1198,6704,3.04
1458,7,60000,2018,15.96,2523,2523,621,5.65
1459,5,49441,2015,21.19,1396,1396,8873,4.89
1460,7,41000,2019,13.68,2393,2393,1478,16.95
1461,5,23838,2021,20.65,1462,1462,10325,8.85
1462,5,26719,2021,16.4,1896,1896,90,7.89
1464,7,27236,2017,18.49,1493,1493,100,6.5
1465,5,41080,2015,25.1,1498,1498,986,5.9
1466,5,72793,2016,23.59,1364,1364,6704,4.55
1467,5,64000,2014,20.36,1197,1197,789,2.35
1468,5,30000,2020,16.38,1999,1999,177,39
1469,5,32002,2017,20.89,1197,1197,8180,4.41
1470,5,105000,2018,19.87,1461,1461,838,5.25
1471,5,30000,2017,22.69,1995,1995,190,16
1472,5,20827,2020,20.52,1197,1197,8180,4.6
1473,7,37852,2017,16.5,1493,1493,70,6.75
1474,5,16683,2022,14.6,1956,1956,16767,19.24
1475,5,53135,2011,1197,789,789,1117,1.8
1476,5,32230,2017,18.9,1197,1197,8186,5.13
1477,5,11000,2022,20.37,1995,1995,18774,69.5
1478,5,10400,2022,18.41,999,999,11398,16.35
1479,5,23748,2022,20.7,1197,1197,8186,6.55
1480,5,13513,2018,18.3,1199,1199,8876,7.65
1481,5,12952,2022,17.05,1199,1199,11835,10.99
1482,5,22672,2014,18.9,1197,1197,82,3.84
1483,5,23000,2012,18.9,998,998,671,2.9
1484,5,41048,2017,18.6,1197,1197,8183,5.48
1486,5,10000,2021,20.37,1995,1995,18774,58.75
1487,5,1800,2013,20.36,1197,1197,789,3.15
1488,5,34000,2019,16,1368,1368,16077,17.5
1489,5,40000,2016,21.4,1197,1197,831,4.7
1490,5,30000,2021,18.76,1462,1462,10326,11.4
1491,5,22700,2018,18.9,1197,1197,8186,5.45
1492,7,28000,2019,10.54,2998,2998,33525,99
1493,5,79862,2010,1061,67,67,84,1.69
1494,5,29146,2018,13,1591,1591,1213,11.35
1495,5,5500,2022,22.94,1197,1197,8850,9.35
1496,5,35925,2014,20.36,1197,1197,789,3.14
1497,5,57999,2018,21.79,998,998,6705,4.59
1498,5,23000,2012,18.9,998,998,671,2.9
1499,5,14352,2017,21.4,1197,1197,831,5.87
1500,5,10000,2021,20.37,1995,1995,18774,58.75
1501,7,49999,2014,22.8,1373,1373,809,6.34
1502,5,21194,2018,21.4,1197,1197,831,6.37
1503,5,1800,2013,20.36,1197,1197,789,3.15
1504,5,27019,2020,1197,6805,6805,952,6.7
1506,5,24000,2020,24.3,1248,1248,885,9.95
1507,5,32000,2010,17,1497,1497,1186600,2.4
1508,5,22600,2020,1969,190,190,300,37.75
1509,7,10000,2022,17.2,1969,1969,29589,85
1510,5,34000,2019,16,1368,1368,16077,17.5
1511,5,30000,2021,18.76,1462,1462,10326,11.4
1512,5,22700,2018,18.9,1197,1197,8186,5.45
1513,5,9700,2021,1984,18774,18774,320,35.49
1514,5,13519,2020,21.01,1197,1197,8180,6.94
1515,5,45017,2017,13,1591,1591,1213,8.75
1516,5,78308,2013,22,1197,1197,8180,3.57
1517,5,79852,2017,18.2,1199,1199,887,5.69
1518,7,28000,2019,10.54,2998,2998,33525,99
1519,5,18049,2016,21.1,814,814,552,3.15
1520,5,19500,2022,19.87,999,999,11398,16.21
1521,5,35000,2018,17.01,1968,1968,188,41.99
1522,5,7643,2021,20.89,1197,1197,8180,6.19
1523,5,12000,2015,18.6,1197,1197,8183,5.31
1524,5,22316,2014,18.9,1197,1197,82,4.54
1525,5,40000,2021,1451,141,141,250,16
1526,5,45221,2010,1197,789,789,1117,2.35
1527,5,35000,2021,19.56,1197,1197,8180,8.45
1528,7,7000,2021,10.54,2998,2998,33525,1.15
1529,5,40000,2020,17.41,1956,1956,16768,17
1530,5,38671,2016,17.8,1497,1497,1173,6.25
1531,5,49303,2012,17,1197,1197,805200,2.8
1532,5,65000,2014,17.97,1498,1498,9961,2.95
1533,5,68000,2018,16.9,1395,1395,14751,24.99
1534,5,17536,2019,18.27,998,998,11835,9.7
1535,5,30400,2017,18.7,1199,1199,887,5.35
1536,5,15071,2020,1451,141,141,250,14.28
1537,5,80100,2015,23.65,1248,1248,885,6.25
1538,5,10773,2021,18.45,1497,1497,11318,11.85
1539,5,10957,2020,20.3,1199,1199,8381,7.53
1540,5,19000,2022,20.09,1199,1199,8482,7.45
1541,5,87900,2015,22.32,1582,1582,12632,6.5
1542,5,16100,2021,20.89,1197,1197,8180,6.44
1543,5,48650,2016,23.59,1364,1364,6706,5.25
1544,5,29252,2018,14.8,1591,1591,1213,11.05
1545,5,2300,2022,1197,8180,8180,113,5.9
1546,5,19446,2018,18.2,1199,1199,887,6.5
1547,7,26500,2022,26.11,1462,1462,8663,11.5
1548,5,35000,2020,1493,11345,11345,250,17.41
1550,5,49000,2017,17.5,1199,1199,887,5.85
1551,5,40000,2018,18.78,999,999,75,4.75
1552,5,34756,2018,20.85,1197,1197,8314,6.1
